<?xml version="1.0" encoding="utf-8"?><SystemInformation><ComputerName>MON_ORDINATEUR</ComputerName><UserName>JT</UserName><UserDomainName>Mon_Ordinateur</UserDomainName><OSInfo><OSName>Microsoft Windows 7 Professional </OSName><OSVersion>Microsoft Windows NT 6.1.7601 Service Pack 1</OSVersion><SystemDirectory>C:\Windows\system32</SystemDirectory><SystemLocale>English (United States)</SystemLocale><UserLocale>English (United States)</UserLocale></OSInfo><ProcessorInfo><Processor0><ProcessorName>AMD Phenom(tm) II X6 1100T Processor</ProcessorName><ProcessorFamily>AMD64 Family 16 Model 10 Stepping 0</ProcessorFamily><ProcessorSpeed>3300</ProcessorSpeed></Processor0><Error>NoError</Error></ProcessorInfo><MemoryInfo><TotalPhysicalMemory>8190</TotalPhysicalMemory><AvailablePhysicalMemory>5285</AvailablePhysicalMemory><MemoryLoad>35</MemoryLoad><TotalVirtualMemory>2047</TotalVirtualMemory><AvailableVirtualMemory>1795</AvailableVirtualMemory><Error>NoError</Error></MemoryInfo><ScreenInfo><ScreenHeight>1080</ScreenHeight><ScreenWidth>1920</ScreenWidth><BitsPerPixel>32</BitsPerPixel></ScreenInfo><IEInfo><IEVersion>8.0.7601.17514</IEVersion><Error>NoError</Error></IEInfo></SystemInformation>